Fecha,Usuario,DescripciÃ³n,Vistas,Hashtags
26-8-2022,florscovenna_,ğŸ—ºBAHIA MANSA en VLAğŸ“ es soÃ±adağŸ¤© #villalaangostura #patagoniaargentina,28000,#villalaangostura #patagoniaargentina   
16-12-2023,thiagof.okk,"Bahia manza, villa la angostura ğŸ¤ #villalaangostura #viral #parati #pyf",1276,#villalaangostura #viral #parati #pyf       
29-2-2024,aby.avg,Apreciando ando âœ¨ğŸ¤#patagoniaargentina #villalaangostura #bahiamansa,860,#patagoniaargentina #villalaangostura #bahiamansa
5-1-2024,karladf6,BahÃ­a Mansa Villa Angostura ğŸ“ Argentina ğŸ«¶âœ¨ #bahiamansavillalaangostura,902,#bahiamansavillalaangostura
1-2-2024,meluruizzm,#villalaangostura #bahiabravağŸ‡¦ğŸ‡· #bahiamansa #patagoniaargentina #argentinatiktok,1378,#villalaangostura #bahiabravağŸ‡¦ğŸ‡· #bahiamansa #patagoniaargentina #argentinatiktok   
11-9-2023,vivamoslapatagonia,"Unos mates en BahÃ­a Mansa? Si venis a Villa la Angostura no podes dejar de conocer esta belleza de lugarâ€¼ï¸ Somos Maru y Mau y te mostramos lo que vivimos a diario en la patagonia ğŸ‡¦ğŸ‡· Seguimos en Instagram donde somos una comunidad de 66k ğŸ‘‰ğŸ½ Si te gustÃ³ compartilo ğŸ“² y â™¥ï¸ ğŸ‘‰ğŸ½ Guardalo ğŸ’¾ ğŸ‘‰ğŸ½ Cuidemos el ğŸŒ â€¦â€¦â€¦â€¦â€¦â€¦â€¦â€¦â€¦â€¦â€¦..â€¦â€¦â€¦â€¦â€¦â€¦â€¦â€¦â€¦â€¦. ğŸ™ŒğŸ¼ Se parte de la soluciÃ³n, no de la contaminaciÃ³n âš ï¸Si vas y volves con tu ğŸ“± anda y volvÃ© con tu basurağŸš¯ğŸ‘‰ğŸ½ ğŸš®â™»ï¸ â€¦â€¦â€¦â€¦â€¦â€¦â€¦â€¦â€¦â€¦â€¦..â€¦â€¦â€¦â€¦â€¦â€¦â€¦â€¦â€¦â€¦. #parati #tiktok #viajar #viajaresvivir #paraiso #lago #playa #montaÃ±as",124000,                        
21-8-2022,luchicasim,ğŸ¤©ğŸ˜® La Casa mÃ¡s cara de Villa La AngosturağŸ“#venta #inmobiliaria #argentina #realstate,51500,#venta #inmobiliaria #argentina #realstate     
20-1-2021,anigarlatti,BahÃ­a Mansa - Villa La Angostura. #parati #fyp #argentinağŸ‡¦ğŸ‡· #patagoniargentina #patagonia,1633,#parati #fyp #argentinağŸ‡¦ğŸ‡· #patagoniargentina #patagonia  
16-3-2024,mapiatersol,#sur #argentina #villalaangostura #paisajes #bahiamansa,725,#sur #argentina #villalaangostura #paisajes #bahiamansa
10-3-2024,gabrielcris23,Bahia mansa - villa la angostura #sur #patagoniaargentina #patagonia,553,#sur #patagoniaargentina #patagonia 
15-1-2021,pasaje.en.mano,ReciÃ©n subÃ­ una GUÃA DE VILLA LA ANGOSTURA A MI IG â¤ï¸ esto es BahÃ­a manzano ğŸ™ƒ,13700, 
18-2-2024,vivamoslapatagonia,"Villa La Angostura y sus paisajes tan hermosos!!! ğŸ“BahÃ­a Manzano Somos Maru y Mau y te mostramos lo que vivimos a diario en la patagonia ğŸ‡¦ğŸ‡· Seguinos en Instagram donde somos una comunidad de 153k ğŸ‘‰ğŸ½ Si te gustÃ³ compartilo ğŸ“² y â™¥ï¸ ğŸ‘‰ğŸ½ Guardalo ğŸ’¾ ğŸ‘‰ğŸ½ Cuidemos el ğŸŒ â€¦â€¦â€¦â€¦â€¦â€¦â€¦â€¦â€¦â€¦â€¦..â€¦â€¦â€¦â€¦â€¦â€¦â€¦â€¦â€¦â€¦. ğŸ™ŒğŸ¼ Se parte de la soluciÃ³n, no de la contaminaciÃ³n âš ï¸Si vas y volves con tu ğŸ“± anda y volvÃ© con tu basurağŸš¯ğŸ‘‰ğŸ½ ğŸš®â™»ï¸ â€¦â€¦â€¦â€¦â€¦â€¦â€¦â€¦â€¦â€¦â€¦..â€¦â€¦â€¦â€¦â€¦â€¦â€¦â€¦â€¦â€¦. #parati #tiktok #viajar #viajaresvivir #paraiso #lago #playa #montaÃ±as #villalaango",4121,                       
13-8-2021,melocontaron.ok,BahÃ­a Mansa - Villa La Angostura #villalaangostura #patagoniaargentina,2085,#villalaangostura #patagoniaargentina      
27-3-2024,vivermaisomundo,"Um dos lugares mais lindos de Villa la Angostura Essa Ã© a Bahia Mansa, com Ã¡guas calmas e cor azul esverdeada. O passeio de caiaque por aqui Ã© imperdÃ­vel e do outro lado a alguns metros fica a Bahia Brava com Ã¡guas mais agitadas.",730,    
24-1-2024,viajandojuntosamerica,Mirador BahÃ­a Mansa. Uno de los lugares imperdibles al visitar Villa la Angostura es su mirador natural. Hicimos un corto trekking y llegamos a una de las mejores vistas de la patagonia Argentina.,1028,    
31-7-2020,julietaroth1,Bahia Mansa - Villa La Angostura #argentina #viajar #zxycba #parati #patagoniaargentina,7819,#argentina #viajar #zxycba #parati #patagoniaargentina  
10-11-2023,priscilanahuelan,#villalaangostura #surargentinoğŸ‡¦ğŸ‡·ğŸ‡¦ğŸ‡·ğŸ‡¦ğŸ‡·ğŸ‡¦ğŸ‡·ğŸ‡¦ğŸ‡·ğŸ‡¦ğŸ‡· #bahiamansa #riocorrentoso,23000,#villalaangostura #surargentinoğŸ‡¦ğŸ‡·ğŸ‡¦ğŸ‡·ğŸ‡¦ğŸ‡·ğŸ‡¦ğŸ‡·ğŸ‡¦ğŸ‡·ğŸ‡¦ğŸ‡· #bahiamansa #riocorrentoso
3-2-2024,valllbaezz,#villalaangostura #bahiamansa #neuquen #sur #surargentino #paisaje,903,#villalaangostura #bahiamansa #neuquen #sur #surargentino #paisaje
12-2-2023,arianadelfi2,#villalaangostura #bahiamansa #neuquenviral #vacaciones #paisajes_hermosos,1042,#villalaangostura #bahiamansa #neuquenviral #vacaciones #paisajes_hermosos
20-2-2024,estefyale.30,Hermosa tarde en el lago! #neuquen #argentina #paraiso #villalaangostura #sur,620,#neuquen #argentina #paraiso #villalaangostura #sur      
11-12-2023,casadosyfelices23,Bahia mansa Villa la Angostura que les parece esta belleza de lugar?#parati #paratii,573,#parati #paratii         
4-3-2022,catadeviaje,La bahÃ­a mÃ¡s linda de todas #viajestiktok #argentina #patagonia #surargentino #travel,2034,#viajestiktok #argentina #patagonia #surargentino #travel    
26-2-2024,nadiaashir,"Un poco de pazâœ¨ï¸ğŸğŸ›¶ ğŸ“Bahia Mansa, Villa La Angostura. NeuquÃ©n #argentinağŸ‡¦ğŸ‡·",342,#argentinağŸ‡¦ğŸ‡·    
20-9-2022,agustinapereyrav,Los colores del paisaje ğŸ˜ #villalaangostura #patagoniaargentina #bahiamansa,316,#villalaangostura #patagoniaargentina #bahiamansa 
9-10-2021,diego0garcia,#VillaLaAngostura #Neuquen #BahiaMansa #Turismo #Patagonia #Ruta40 #Argentina,4177,#VillaLaAngostura #Neuquen #BahiaMansa #Turismo #Patagonia #Ruta40 #Argentina    
3-10-2023,lorena_bea,Maravilloso todo. ğŸ¤© #bahiamansavillalaangostura,897,#bahiamansavillalaangostura 
26-9-2023,respiraargentina,"Â¿Conoces este lugar maravilloso? ğŸ“Camino al Mirador BahÃ­a Mansa ,Villa La Angostura . ğŸ¥viviendoenpatagonia",2764,     
9-2-2024,eduardo.churata,Hermoso lugar â¤ï¸ #villalaangostura #bahiamansa #neuquen #bariloche #hermoso,1701,#villalaangostura #bahiamansa #neuquen #bariloche #hermoso  
30-10-2023,cristianvejares39,"Mirador Bahia Mansa, Villa la Angostura NeuquÃ©n.",450,
13-1-2024,kungfoosion,#villalaangostura #bahiamanzano,1827,#villalaangostura #bahiamanzano
22-3-2024,estefyale.30,simplemente hermosoğŸ˜ #lago #bahiamansa #villalaangostura #paraiso #sur #argentina,612,#lago #bahiamansa #villalaangostura #paraiso #sur #argentina      
26-8-2023,romisolllll,Patagonia Argentina Villa la Angostura - BahÃ­a Manzano #villalaangostura #bahiamanzano,1624,#villalaangostura #bahiamanzano  
7-3-2024,danuxok,MATESULI EN LA MANSA ğŸ’™ #bahiamansa #laangostura #montaÃ±a #ruta40 #paradise,328,#bahiamansa #laangostura #montaÃ±a #ruta40 #paradise           
29-11-2023,lisaamarti20,Esta es una seÃ±al para que viajes al sur #surargentino #viajar #bahiamanzano,4668,#surargentino #viajar #bahiamanzano     
2-2-2024,vanecatrin,#Bahia_Mansa #VillaLaAngostura #summer #â˜ï¸â™¥ï¸ #ğŸ’†,629,#Bahia_Mansa #VillaLaAngostura #summer #â˜ï¸â™¥ï¸ #ğŸ’†
1-1-2024,rocio_aylenn,La vida es un regalo y no quiero desperdiciarlo ğŸ¤ğŸ¼âœ¨ #parati #viral #superviral #fyp,745,#parati #viral #superviral #fyp         
28-5-2022,argentinaentucasa,"Hoy quiero compartir con ustedes un pequeÃ±o video para mostrarles uno de mis lugares preferidos en la zona norte de la Patagonia: BahÃ­a Manzano, Villa la angostura.",2534,                       
10-12-2023,thiagof.okk,"Bahia brava, es impresionante como a metros hay otra Bahia que el agua es tranquila.",2633,         
1-9-2023,days_raimil,"Una lloradita y seguir, por que podemos con todo, pero no con todo a la vez. ğŸ¥ºâœ¨ï¸",4661,     
6-4-2024,cami.ntvg,#villalaangosturağŸ‡¦ğŸ‡· #bahiabravağŸ‡¦ğŸ‡· #bosquearrayanes #Argentina,654,#villalaangosturağŸ‡¦ğŸ‡· #bahiabravağŸ‡¦ğŸ‡· #bosquearrayanes #Argentina  
20-1-2024,nolgutleber,"De los lugares mÃ¡s lindos. Villa La Angostura, BahÃ­a Brava. #belleza #viajeconmates",394,#belleza #viajeconmates        
16-3-2024,somelo22,â›°ï¸ğŸ’– #argentina #villalaangostura #marzo2024 #fyp,1443,#argentina #villalaangostura #marzo2024 #fyp
6-1-2024,laailafarias,"BUENAS BUENAAAAAS, mini resumen de paisajes que disfrutamos ayerğŸ’– alquilamos bicicletas en Villa La angostura y recorrimos todo âœ¨ 7 hs intensas pero valieron la pena. Quieren que les suba videl explicando y pasando data?",31900,     
27-12-2023,vanuwidmer,El sur ğŸ˜ #vacaciones #bahiabrava #villalaangostura #sur #argentina #ğŸ‡¦ğŸ‡·,689,#vacaciones #bahiabrava #villalaangostura #sur #argentina #ğŸ‡¦ğŸ‡·
17-2-2023,pescuramos,Viajamos en catamarÃ¡n hasta el Bosque Los Arrayanes e hicimos 12 km de vuelta caminando hasta VLA. Terminar metidos en el Lago de BahÃ­a Mansa fue el broche de oro. . . .,287,       
31-1-2024,yamiexposito,"No sera la mejor calidad, pero que paraiso tenemos ğŸ˜ğŸ”ï¸âœ¨ #CapCut #patagonia",699,#CapCut #patagonia       
24-8-2023,natiturista,#bahiabrava #villalaangostura #neuquen #argentina #surargentino #ahoratu,5490,#bahiabrava #villalaangostura #neuquen #argentina #surargentino #ahoratu
28-12-2023,nadiaverz1,#riobonito #bahiamanzano #surargentino #patagonia #amor #vacation,499,#riobonito #bahiamanzano #surargentino #patagonia #amor #vacation        
28-12-2023,ionanabella,ExcursiÃ³n Puerto Blest ğŸ’˜#amigos #bahiamanzano #argentina #argentinağŸ‡¦ğŸ‡· #life,541,#amigos #bahiamanzano #argentina #argentinağŸ‡¦ğŸ‡· #life            
22-2-2024,gusariase,"ğŸ“ Lago Nahuel Huapi, Villa la Angostura. EstÃ¡ estÃ¡s espectacular bahÃ­a Brazo RincÃ³n.",30600,      
31-3-2024,mikacarrascooo,ğŸ“ Villa la Angostura ğŸï¸ Muelle BahÃ­a Brava #villalaangostura #neuquenargentinağŸ‡¦ğŸ‡·,678,#villalaangostura #neuquenargentinağŸ‡¦ğŸ‡·    
17-8-2023,pasaje.en.mano,Compartile este tiktok a tu fotÃ³grafo personal ğŸ˜‚ digo *compa de viaje jeje,23800,
7-12-2023,gomezcelestel,Patagonia Argentina ğŸ‡¦ğŸ‡·â™¥ï¸ #villatraful #bosquesumergidoğŸğŸ” #villalaangostura,2237,#villatraful #bosquesumergidoğŸğŸ” #villalaangostura  
26-3-2024,ignaciofitero,Veranito en el sur con @Sofiii ğŸ’˜ğŸŒºğŸ•ï¸â›°ï¸ #Sur #villalaangostura #cumbre #bahiamansa,1002,@Sofiii #Sur #villalaangostura #cumbre #bahiamansa         
22-1-2024,turismovla,La hermosa BahÃ­a Brava!,6063,
4-8-2021,pasaje.en.mano,Patagonia argentina que increÃ­ble sos. En IG les dejÃ© todo de este #kayak en #villalaangostura,176700,#kayak #villalaangostura  
14-1-2021,pasaje.en.mano,Bosque Los Arrayanes ğŸ˜ğŸ˜ğŸ˜ğŸ’¦ğŸ’¦ğŸ’¦ #villalaangostura #argentina,78200,#villalaangostura #argentina
25-2-2023,micamurua.s,#vlog de hoy primer dÃ­a en #villalaangostura #surargentino #hotellife ğŸ”ğŸ—º #calfucho,5707,#vlog #villalaangostura #surargentino #hotellife #calfucho
