Fecha,Usuario,DescripciÃ³n,Vistas,Hashtags,Origen
26-8-2022,florscovenna_,ğŸ—ºBAHIA MANSA en VLAğŸ“ es soÃ±adağŸ¤© #villalaangostura #patagoniaargentina,28000,#villalaangostura #patagoniaargentina   ,bahia_mansa
16-12-2023,thiagof.okk,"Bahia manza, villa la angostura ğŸ¤ #villalaangostura #viral #parati #pyf",1276,#villalaangostura #viral #parati #pyf       ,bahia_mansa
29-2-2024,aby.avg,Apreciando ando âœ¨ğŸ¤#patagoniaargentina #villalaangostura #bahiamansa,860,#patagoniaargentina #villalaangostura #bahiamansa,bahia_mansa
5-1-2024,karladf6,BahÃ­a Mansa Villa Angostura ğŸ“ Argentina ğŸ«¶âœ¨ #bahiamansavillalaangostura,902,#bahiamansavillalaangostura,bahia_mansa
1-2-2024,meluruizzm,#villalaangostura #bahiabravağŸ‡¦ğŸ‡· #bahiamansa #patagoniaargentina #argentinatiktok,1378,#villalaangostura #bahiabravağŸ‡¦ğŸ‡· #bahiamansa #patagoniaargentina #argentinatiktok   ,bahia_mansa
11-9-2023,vivamoslapatagonia,"Unos mates en BahÃ­a Mansa? Si venis a Villa la Angostura no podes dejar de conocer esta belleza de lugarâ€¼ï¸ Somos Maru y Mau y te mostramos lo que vivimos a diario en la patagonia ğŸ‡¦ğŸ‡· Seguimos en Instagram donde somos una comunidad de 66k ğŸ‘‰ğŸ½ Si te gustÃ³ compartilo ğŸ“² y â™¥ï¸ ğŸ‘‰ğŸ½ Guardalo ğŸ’¾ ğŸ‘‰ğŸ½ Cuidemos el ğŸŒ â€¦â€¦â€¦â€¦â€¦â€¦â€¦â€¦â€¦â€¦â€¦..â€¦â€¦â€¦â€¦â€¦â€¦â€¦â€¦â€¦â€¦. ğŸ™ŒğŸ¼ Se parte de la soluciÃ³n, no de la contaminaciÃ³n âš ï¸Si vas y volves con tu ğŸ“± anda y volvÃ© con tu basurağŸš¯ğŸ‘‰ğŸ½ ğŸš®â™»ï¸ â€¦â€¦â€¦â€¦â€¦â€¦â€¦â€¦â€¦â€¦â€¦..â€¦â€¦â€¦â€¦â€¦â€¦â€¦â€¦â€¦â€¦. #parati #tiktok #viajar #viajaresvivir #paraiso #lago #playa #montaÃ±as",124000,                        ,bahia_mansa
21-8-2022,luchicasim,ğŸ¤©ğŸ˜® La Casa mÃ¡s cara de Villa La AngosturağŸ“#venta #inmobiliaria #argentina #realstate,51500,#venta #inmobiliaria #argentina #realstate     ,bahia_mansa
20-1-2021,anigarlatti,BahÃ­a Mansa - Villa La Angostura. #parati #fyp #argentinağŸ‡¦ğŸ‡· #patagoniargentina #patagonia,1633,#parati #fyp #argentinağŸ‡¦ğŸ‡· #patagoniargentina #patagonia  ,bahia_mansa
16-3-2024,mapiatersol,#sur #argentina #villalaangostura #paisajes #bahiamansa,725,#sur #argentina #villalaangostura #paisajes #bahiamansa,bahia_mansa
10-3-2024,gabrielcris23,Bahia mansa - villa la angostura #sur #patagoniaargentina #patagonia,553,#sur #patagoniaargentina #patagonia ,bahia_mansa
15-1-2021,pasaje.en.mano,ReciÃ©n subÃ­ una GUÃA DE VILLA LA ANGOSTURA A MI IG â¤ï¸ esto es BahÃ­a manzano ğŸ™ƒ,13700, ,bahia_mansa
18-2-2024,vivamoslapatagonia,"Villa La Angostura y sus paisajes tan hermosos!!! ğŸ“BahÃ­a Manzano Somos Maru y Mau y te mostramos lo que vivimos a diario en la patagonia ğŸ‡¦ğŸ‡· Seguinos en Instagram donde somos una comunidad de 153k ğŸ‘‰ğŸ½ Si te gustÃ³ compartilo ğŸ“² y â™¥ï¸ ğŸ‘‰ğŸ½ Guardalo ğŸ’¾ ğŸ‘‰ğŸ½ Cuidemos el ğŸŒ â€¦â€¦â€¦â€¦â€¦â€¦â€¦â€¦â€¦â€¦â€¦..â€¦â€¦â€¦â€¦â€¦â€¦â€¦â€¦â€¦â€¦. ğŸ™ŒğŸ¼ Se parte de la soluciÃ³n, no de la contaminaciÃ³n âš ï¸Si vas y volves con tu ğŸ“± anda y volvÃ© con tu basurağŸš¯ğŸ‘‰ğŸ½ ğŸš®â™»ï¸ â€¦â€¦â€¦â€¦â€¦â€¦â€¦â€¦â€¦â€¦â€¦..â€¦â€¦â€¦â€¦â€¦â€¦â€¦â€¦â€¦â€¦. #parati #tiktok #viajar #viajaresvivir #paraiso #lago #playa #montaÃ±as #villalaango",4121,                       ,bahia_mansa
13-8-2021,melocontaron.ok,BahÃ­a Mansa - Villa La Angostura #villalaangostura #patagoniaargentina,2085,#villalaangostura #patagoniaargentina      ,bahia_mansa
27-3-2024,vivermaisomundo,"Um dos lugares mais lindos de Villa la Angostura Essa Ã© a Bahia Mansa, com Ã¡guas calmas e cor azul esverdeada. O passeio de caiaque por aqui Ã© imperdÃ­vel e do outro lado a alguns metros fica a Bahia Brava com Ã¡guas mais agitadas.",730,    ,bahia_mansa
24-1-2024,viajandojuntosamerica,Mirador BahÃ­a Mansa. Uno de los lugares imperdibles al visitar Villa la Angostura es su mirador natural. Hicimos un corto trekking y llegamos a una de las mejores vistas de la patagonia Argentina.,1028,    ,bahia_mansa
31-7-2020,julietaroth1,Bahia Mansa - Villa La Angostura #argentina #viajar #zxycba #parati #patagoniaargentina,7819,#argentina #viajar #zxycba #parati #patagoniaargentina  ,bahia_mansa
10-11-2023,priscilanahuelan,#villalaangostura #surargentinoğŸ‡¦ğŸ‡·ğŸ‡¦ğŸ‡·ğŸ‡¦ğŸ‡·ğŸ‡¦ğŸ‡·ğŸ‡¦ğŸ‡·ğŸ‡¦ğŸ‡· #bahiamansa #riocorrentoso,23000,#villalaangostura #surargentinoğŸ‡¦ğŸ‡·ğŸ‡¦ğŸ‡·ğŸ‡¦ğŸ‡·ğŸ‡¦ğŸ‡·ğŸ‡¦ğŸ‡·ğŸ‡¦ğŸ‡· #bahiamansa #riocorrentoso,bahia_mansa
3-2-2024,valllbaezz,#villalaangostura #bahiamansa #neuquen #sur #surargentino #paisaje,903,#villalaangostura #bahiamansa #neuquen #sur #surargentino #paisaje,bahia_mansa
12-2-2023,arianadelfi2,#villalaangostura #bahiamansa #neuquenviral #vacaciones #paisajes_hermosos,1042,#villalaangostura #bahiamansa #neuquenviral #vacaciones #paisajes_hermosos,bahia_mansa
20-2-2024,estefyale.30,Hermosa tarde en el lago! #neuquen #argentina #paraiso #villalaangostura #sur,620,#neuquen #argentina #paraiso #villalaangostura #sur      ,bahia_mansa
11-12-2023,casadosyfelices23,Bahia mansa Villa la Angostura que les parece esta belleza de lugar?#parati #paratii,573,#parati #paratii         ,bahia_mansa
4-3-2022,catadeviaje,La bahÃ­a mÃ¡s linda de todas #viajestiktok #argentina #patagonia #surargentino #travel,2034,#viajestiktok #argentina #patagonia #surargentino #travel    ,bahia_mansa
26-2-2024,nadiaashir,"Un poco de pazâœ¨ï¸ğŸğŸ›¶ ğŸ“Bahia Mansa, Villa La Angostura. NeuquÃ©n #argentinağŸ‡¦ğŸ‡·",342,#argentinağŸ‡¦ğŸ‡·    ,bahia_mansa
20-9-2022,agustinapereyrav,Los colores del paisaje ğŸ˜ #villalaangostura #patagoniaargentina #bahiamansa,316,#villalaangostura #patagoniaargentina #bahiamansa ,bahia_mansa
9-10-2021,diego0garcia,#VillaLaAngostura #Neuquen #BahiaMansa #Turismo #Patagonia #Ruta40 #Argentina,4177,#VillaLaAngostura #Neuquen #BahiaMansa #Turismo #Patagonia #Ruta40 #Argentina    ,bahia_mansa
3-10-2023,lorena_bea,Maravilloso todo. ğŸ¤© #bahiamansavillalaangostura,897,#bahiamansavillalaangostura ,bahia_mansa
26-9-2023,respiraargentina,"Â¿Conoces este lugar maravilloso? ğŸ“Camino al Mirador BahÃ­a Mansa ,Villa La Angostura . ğŸ¥viviendoenpatagonia",2764,     ,bahia_mansa
9-2-2024,eduardo.churata,Hermoso lugar â¤ï¸ #villalaangostura #bahiamansa #neuquen #bariloche #hermoso,1701,#villalaangostura #bahiamansa #neuquen #bariloche #hermoso  ,bahia_mansa
30-10-2023,cristianvejares39,"Mirador Bahia Mansa, Villa la Angostura NeuquÃ©n.",450,,bahia_mansa
13-1-2024,kungfoosion,#villalaangostura #bahiamanzano,1827,#villalaangostura #bahiamanzano,bahia_mansa
22-3-2024,estefyale.30,simplemente hermosoğŸ˜ #lago #bahiamansa #villalaangostura #paraiso #sur #argentina,612,#lago #bahiamansa #villalaangostura #paraiso #sur #argentina      ,bahia_mansa
26-8-2023,romisolllll,Patagonia Argentina Villa la Angostura - BahÃ­a Manzano #villalaangostura #bahiamanzano,1624,#villalaangostura #bahiamanzano  ,bahia_mansa
7-3-2024,danuxok,MATESULI EN LA MANSA ğŸ’™ #bahiamansa #laangostura #montaÃ±a #ruta40 #paradise,328,#bahiamansa #laangostura #montaÃ±a #ruta40 #paradise           ,bahia_mansa
29-11-2023,lisaamarti20,Esta es una seÃ±al para que viajes al sur #surargentino #viajar #bahiamanzano,4668,#surargentino #viajar #bahiamanzano     ,bahia_mansa
2-2-2024,vanecatrin,#Bahia_Mansa #VillaLaAngostura #summer #â˜ï¸â™¥ï¸ #ğŸ’†,629,#Bahia_Mansa #VillaLaAngostura #summer #â˜ï¸â™¥ï¸ #ğŸ’†,bahia_mansa
1-1-2024,rocio_aylenn,La vida es un regalo y no quiero desperdiciarlo ğŸ¤ğŸ¼âœ¨ #parati #viral #superviral #fyp,745,#parati #viral #superviral #fyp         ,bahia_mansa
28-5-2022,argentinaentucasa,"Hoy quiero compartir con ustedes un pequeÃ±o video para mostrarles uno de mis lugares preferidos en la zona norte de la Patagonia: BahÃ­a Manzano, Villa la angostura.",2534,                       ,bahia_mansa
10-12-2023,thiagof.okk,"Bahia brava, es impresionante como a metros hay otra Bahia que el agua es tranquila.",2633,         ,bahia_mansa
1-9-2023,days_raimil,"Una lloradita y seguir, por que podemos con todo, pero no con todo a la vez. ğŸ¥ºâœ¨ï¸",4661,     ,bahia_mansa
6-4-2024,cami.ntvg,#villalaangosturağŸ‡¦ğŸ‡· #bahiabravağŸ‡¦ğŸ‡· #bosquearrayanes #Argentina,654,#villalaangosturağŸ‡¦ğŸ‡· #bahiabravağŸ‡¦ğŸ‡· #bosquearrayanes #Argentina  ,bahia_mansa
20-1-2024,nolgutleber,"De los lugares mÃ¡s lindos. Villa La Angostura, BahÃ­a Brava. #belleza #viajeconmates",394,#belleza #viajeconmates        ,bahia_mansa
16-3-2024,somelo22,â›°ï¸ğŸ’– #argentina #villalaangostura #marzo2024 #fyp,1443,#argentina #villalaangostura #marzo2024 #fyp,bahia_mansa
6-1-2024,laailafarias,"BUENAS BUENAAAAAS, mini resumen de paisajes que disfrutamos ayerğŸ’– alquilamos bicicletas en Villa La angostura y recorrimos todo âœ¨ 7 hs intensas pero valieron la pena. Quieren que les suba videl explicando y pasando data?",31900,     ,bahia_mansa
27-12-2023,vanuwidmer,El sur ğŸ˜ #vacaciones #bahiabrava #villalaangostura #sur #argentina #ğŸ‡¦ğŸ‡·,689,#vacaciones #bahiabrava #villalaangostura #sur #argentina #ğŸ‡¦ğŸ‡·,bahia_mansa
17-2-2023,pescuramos,Viajamos en catamarÃ¡n hasta el Bosque Los Arrayanes e hicimos 12 km de vuelta caminando hasta VLA. Terminar metidos en el Lago de BahÃ­a Mansa fue el broche de oro. . . .,287,       ,bahia_mansa
31-1-2024,yamiexposito,"No sera la mejor calidad, pero que paraiso tenemos ğŸ˜ğŸ”ï¸âœ¨ #CapCut #patagonia",699,#CapCut #patagonia       ,bahia_mansa
24-8-2023,natiturista,#bahiabrava #villalaangostura #neuquen #argentina #surargentino #ahoratu,5490,#bahiabrava #villalaangostura #neuquen #argentina #surargentino #ahoratu,bahia_mansa
28-12-2023,nadiaverz1,#riobonito #bahiamanzano #surargentino #patagonia #amor #vacation,499,#riobonito #bahiamanzano #surargentino #patagonia #amor #vacation        ,bahia_mansa
28-12-2023,ionanabella,ExcursiÃ³n Puerto Blest ğŸ’˜#amigos #bahiamanzano #argentina #argentinağŸ‡¦ğŸ‡· #life,541,#amigos #bahiamanzano #argentina #argentinağŸ‡¦ğŸ‡· #life            ,bahia_mansa
22-2-2024,gusariase,"ğŸ“ Lago Nahuel Huapi, Villa la Angostura. EstÃ¡ estÃ¡s espectacular bahÃ­a Brazo RincÃ³n.",30600,      ,bahia_mansa
31-3-2024,mikacarrascooo,ğŸ“ Villa la Angostura ğŸï¸ Muelle BahÃ­a Brava #villalaangostura #neuquenargentinağŸ‡¦ğŸ‡·,678,#villalaangostura #neuquenargentinağŸ‡¦ğŸ‡·    ,bahia_mansa
17-8-2023,pasaje.en.mano,Compartile este tiktok a tu fotÃ³grafo personal ğŸ˜‚ digo *compa de viaje jeje,23800,,bahia_mansa
7-12-2023,gomezcelestel,Patagonia Argentina ğŸ‡¦ğŸ‡·â™¥ï¸ #villatraful #bosquesumergidoğŸğŸ” #villalaangostura,2237,#villatraful #bosquesumergidoğŸğŸ” #villalaangostura  ,bahia_mansa
26-3-2024,ignaciofitero,Veranito en el sur con @Sofiii ğŸ’˜ğŸŒºğŸ•ï¸â›°ï¸ #Sur #villalaangostura #cumbre #bahiamansa,1002,@Sofiii #Sur #villalaangostura #cumbre #bahiamansa         ,bahia_mansa
22-1-2024,turismovla,La hermosa BahÃ­a Brava!,6063,,bahia_mansa
4-8-2021,pasaje.en.mano,Patagonia argentina que increÃ­ble sos. En IG les dejÃ© todo de este #kayak en #villalaangostura,176700,#kayak #villalaangostura  ,bahia_mansa
14-1-2021,pasaje.en.mano,Bosque Los Arrayanes ğŸ˜ğŸ˜ğŸ˜ğŸ’¦ğŸ’¦ğŸ’¦ #villalaangostura #argentina,78200,#villalaangostura #argentina,bahia_mansa
25-2-2023,micamurua.s,#vlog de hoy primer dÃ­a en #villalaangostura #surargentino #hotellife ğŸ”ğŸ—º #calfucho,5707,#vlog #villalaangostura #surargentino #hotellife #calfucho,bahia_mansa
10-12-2023,thiagof.okk,"Bahia brava, es impresionante como a metros hay otra Bahia que el agua es tranquila.",2633,         ,bahia_brava
10-3-2024,gabrielcris23,Bahia brava - Villa la angostura.#sur #patagoniaargentina #patagonia,595,#sur #patagoniaargentina #patagonia ,bahia_brava
4-12-2021,bandeveronica,"BahÃ­a Brava, una de las playitas mas lindas de Villa La Angostura ğŸ‡¦ğŸ‡·ğŸ’™ #mountain",1115,#mountain    ,bahia_brava
18-1-2024,natunat2025,#argentina #paraiso #patagoniaargentina #villalaangostura #diosproveera,817,#argentina #paraiso #patagoniaargentina #villalaangostura #diosproveera ,bahia_brava
7-12-2023,thiagof.okk,#bahiabrava #villalaangostura #pyf #viral #vacaciones #parati #viral,1489,#bahiabrava #villalaangostura #pyf #viral #vacaciones #parati #viral,bahia_brava
25-2-2024,marti_casas,SoÃ±adoğŸ¤¯ğŸ¤© #villalaangostura #puertovilla #bahiabravağŸ‡¦ğŸ‡· #travel,856,#villalaangostura #puertovilla #bahiabravağŸ‡¦ğŸ‡· #travel,bahia_brava
28-8-2023,viaje.docepatas,"Unos mates a orillas de Bahia Brava, Villa La Angostura ğŸ§‰ğŸ‡¦ğŸ‡·â¤ï¸ #noesporpresumir",830,#noesporpresumir       ,bahia_brava
8-2-2024,cristinarodriguez706,"Villa la Angostura, bahÃ­a brava #argentina #patagonia #cordilleraargentina",638,#argentina #patagonia #cordilleraargentina,bahia_brava
27-12-2023,vanuwidmer,El sur ğŸ˜ #vacaciones #bahiabrava #villalaangostura #sur #argentina #ğŸ‡¦ğŸ‡·,689,#vacaciones #bahiabrava #villalaangostura #sur #argentina #ğŸ‡¦ğŸ‡·,bahia_brava
1-2-2024,meluruizzm,#villalaangostura #bahiabravağŸ‡¦ğŸ‡· #bahiamansa #patagoniaargentina #argentinatiktok,1378,#villalaangostura #bahiabravağŸ‡¦ğŸ‡· #bahiamansa #patagoniaargentina #argentinatiktok   ,bahia_brava
7-12-2023,gomezcelestel,Patagonia Argentina ğŸ‡¦ğŸ‡·â™¥ï¸ #villatraful #bosquesumergidoğŸğŸ” #villalaangostura,2237,#villatraful #bosquesumergidoğŸğŸ” #villalaangostura  ,bahia_brava
31-3-2024,mikacarrascooo,ğŸ“ Villa la Angostura ğŸï¸ Muelle BahÃ­a Brava #villalaangostura #neuquenargentinağŸ‡¦ğŸ‡·,678,#villalaangostura #neuquenargentinağŸ‡¦ğŸ‡·    ,bahia_brava
6-4-2024,cami.ntvg,#villalaangosturağŸ‡¦ğŸ‡· #bahiabravağŸ‡¦ğŸ‡· #bosquearrayanes #Argentina,654,#villalaangosturağŸ‡¦ğŸ‡· #bahiabravağŸ‡¦ğŸ‡· #bosquearrayanes #Argentina  ,bahia_brava
24-8-2023,natiturista,#bahiabrava #villalaangostura #neuquen #argentina #surargentino #ahoratu,5490,#bahiabrava #villalaangostura #neuquen #argentina #surargentino #ahoratu,bahia_brava
9-11-2021,nicodellegrazie,#viajar #VillaLaAngostura #paragonia #argentina #ParaTi,887,#viajar #VillaLaAngostura #paragonia #argentina #ParaTi,bahia_brava
20-1-2024,nolgutleber,"De los lugares mÃ¡s lindos. Villa La Angostura, BahÃ­a Brava. #belleza #viajeconmates",394,#belleza #viajeconmates        ,bahia_brava
28-8-2023,arielapesci,el sur srgentino ğŸ‡¦ğŸ‡·ğŸ«¶ğŸ»ğŸ¥¹ğŸ§‰ #bahiabrava #villalaangostura #traveltiktok,948,#bahiabrava #villalaangostura #traveltiktok    ,bahia_brava
20-8-2023,noemicardozo60,MUELLE BAHIA BRAVA. VILLA LA ANGOSTURA,8309,,bahia_brava
27-8-2023,micaelacamino15,#parati #viral #rutina #fypã‚· #viraltiktok #neuquen #bahiabravağŸ‡¦ğŸ‡· #villalaangostura,3407,#parati #viral #rutina #fypã‚· #viraltiktok #neuquen #bahiabravağŸ‡¦ğŸ‡· #villalaangostura,bahia_brava
19-11-2023,nicot85,#bahiabrava #villalaangostura #VLA Esas aguas por Dios!!! â¤ï¸,734,#bahiabrava #villalaangostura #VLA,bahia_brava
6-1-2024,laailafarias,"BUENAS BUENAAAAAS, mini resumen de paisajes que disfrutamos ayerğŸ’– alquilamos bicicletas en Villa La angostura y recorrimos todo âœ¨ 7 hs intensas pero valieron la pena. Quieren que les suba videl explicando y pasando data?",31900,     ,bahia_brava
10-4-2024,jbelmendoza,#villalaangostura #sibo #nutri #Sur #bariloche #bahiabrava #puerto #villa,593,#villalaangostura #sibo #nutri #Sur #bariloche #bahiabrava #puerto #villa,bahia_brava
22-1-2024,turismovla,La hermosa BahÃ­a Brava!,6063,,bahia_brava
9-2-2022,mairoletto,Una playa hermosa y sÃºper tranquila en Villa La Angostura #viaje #playa #lago #bahiabrava,262,#viaje #playa #lago #bahiabrava ,bahia_brava
24-1-2024,viajandojuntosamerica,Mirador BahÃ­a Mansa. Uno de los lugares imperdibles al visitar Villa la Angostura es su mirador natural. Hicimos un corto trekking y llegamos a una de las mejores vistas de la patagonia Argentina.,1028,    ,bahia_brava
19-2-2024,camiaraoz10,Villa La Angostura y sus playitasğŸ¤©ğŸ¤© ğŸ“Playa Brazo Ãšltima Esperanza ğŸ“Lago espejo ğŸ“Lago correntoso ğŸ“Bahia brava,628,     ,bahia_brava
27-3-2024,vivermaisomundo,"Um dos lugares mais lindos de Villa la Angostura Essa Ã© a Bahia Mansa, com Ã¡guas calmas e cor azul esverdeada. O passeio de caiaque por aqui Ã© imperdÃ­vel e do outro lado a alguns metros fica a Bahia Brava com Ã¡guas mais agitadas.",730,    ,bahia_brava
2-4-2024,ayrlonnegabi,Bora conhecer os principais pontos turÃ­sticos e mirantes em Villa la Angostura? ğŸ“Œ Letreiro da Cidade ğŸ“Œ Mirador Brazo Norte ğŸ“Œ Mirador del Puerto ğŸ“Œ Bahia Brava ğŸ“Œ Rio Correntoso ğŸ“Œ Pampitas Empanadas #villalaangostura #pontosturÃ­sticos #mirante #roadtrip,164,,bahia_brava
20-10-2023,sofibertola_,"Full day en villa la angosturağŸƒ Lugares imperdibles para conocer: - Ruta de los 7 lagos (rio correntoso, lago espejo, ruca malen) - Cascada rio bonito - Bahia brava - Bosque de arrayanes - Cerro bayo - Playa bonita - Cafeteria Antibes (increible lugar para desayuar o merendar)",906,    ,bahia_brava
11-9-2023,vivamoslapatagonia,"Unos mates en BahÃ­a Mansa? Si venis a Villa la Angostura no podes dejar de conocer esta belleza de lugarâ€¼ï¸ Somos Maru y Mau y te mostramos lo que vivimos a diario en la patagonia ğŸ‡¦ğŸ‡· Seguimos en Instagram donde somos una comunidad de 66k ğŸ‘‰ğŸ½ Si te gustÃ³ compartilo ğŸ“² y â™¥ï¸ ğŸ‘‰ğŸ½ Guardalo ğŸ’¾ ğŸ‘‰ğŸ½ Cuidemos el ğŸŒ â€¦â€¦â€¦â€¦â€¦â€¦â€¦â€¦â€¦â€¦â€¦..â€¦â€¦â€¦â€¦â€¦â€¦â€¦â€¦â€¦â€¦. ğŸ™ŒğŸ¼ Se parte de la soluciÃ³n, no de la contaminaciÃ³n âš ï¸Si vas y volves con tu ğŸ“± anda y volvÃ© con tu basurağŸš¯ğŸ‘‰ğŸ½ ğŸš®â™»ï¸ â€¦â€¦â€¦â€¦â€¦â€¦â€¦â€¦â€¦â€¦â€¦..â€¦â€¦â€¦â€¦â€¦â€¦â€¦â€¦â€¦â€¦. #parati #tiktok #viajar #viajaresvivir #paraiso #lago #playa #montaÃ±as",124000,                        ,bahia_brava
16-3-2024,vincihoyos,"Chama a Samu, en EspaÃ±ol ğŸ¥ğŸ¶âš½ï¸ #videoviral #greenscreen #parati #fyp",2600000,#videoviral #greenscreen #parati #fyp                     ,bahia_brava
2-1-2024,vida.arg,Villa la angostura .. Neuquen - Argentina #argentina #argentinağŸ‡¦ğŸ‡· #villalaangostura,7339,#argentina #argentinağŸ‡¦ğŸ‡· #villalaangostura ,bahia_brava
13-1-2024,kungfoosion,#villalaangostura #bahiamanzano,1827,#villalaangostura #bahiamanzano,bahia_brava
17-12-2023,bioloquia,Que dios ampare a los bahienses #argentina #cambioclimatico #clima #tornado #temporal,367100,#argentina #cambioclimatico #clima #tornado #temporal  ,bahia_brava
19-1-2024,alexander.ruizdiaz,Comenten barrios peligrosos ğŸ‘€,1600000,,bahia_brava
11-1-2024,martiaarias,ğŸ’˜ #Ã±andubaysal #gualeguaychu #amigas #verano #playa #playasargentinas #fyp,22600,#Ã±andubaysal #gualeguaychu #amigas #verano #playa #playasargentinas #fyp ,bahia_brava
18-12-2023,actualidadrt,â€œDos horas de una pelÃ­cula de terrorâ€: Testigos cuentan sobre la mortal tormenta en Argentina,177900,         ,bahia_brava
21-04-2024,aniita_gab,#marilina #costanera #brahmamusica # SÃ¡bado 20 de abril ğŸ¶ğŸ¤,2383,#marilina #costanera #brahmamusica,bahia_brava
3-4-2024,aaron___212,@naiki #paysandu #uruguay #alma #uruguayğŸ‡ºğŸ‡¾ #parati epicoo,4632,@naiki #paysandu #uruguay #alma #uruguayğŸ‡ºğŸ‡¾ #parati,bahia_brava
26-3-2023,candescolnik,Ser campeÃ³n en Argentina descripciÃ³n grÃ¡fica. #scaloneta #parati #dibumartinez,173500,#scaloneta #parati #dibumartinez  ,bahia_brava
26-8-2022,florscovenna_,ğŸ—ºBAHIA MANSA en VLAğŸ“ es soÃ±adağŸ¤© #villalaangostura #patagoniaargentina,28000,#villalaangostura #patagoniaargentina   ,bahia_brava
17-1-2024,agusseju,2 dias en villa la angostura #elsur #patagoniaargentina,787,#elsur #patagoniaargentina        ,bahia_brava
17-12-2023,user9kt59xuwqz,"BahÃ­a Blanca, despuÃ©s del trÃ¡gico temporal: una ciudad arrasada y el encuentro de Milei con Kicillof El Presidente y el Gobernador bonaerense estuvieron en la ciudad donde una tormenta causÃ³ 13 muertes. Hay 14 personas internadas, 6 de ellas heridas de gravedad. Y 600 evacuados",85100,,bahia_brava
27-1-2024,cersantacatalina,La Cueca mÃ¡s bella de Jujuy â¤ğŸŒµ Para Santa Catalina #tomaslipan #santacatalina,6553,#tomaslipan #santacatalina     ,bahia_brava
23-10-2023,jairoherrera799,Villa de mi vida â¤ğŸ¤ #VillaCubas,6075,#VillaCubas,bahia_brava
2-2-2024,benjaeortiz23,Fua el Paysa ğŸ¤© ğŸ’™ğŸ¤ #juvenilesauf #juvenilesA #paysandufc #paysafc,26500,#juvenilesauf #juvenilesA #paysandufc #paysafc    ,bahia_brava
4-4-2024,celeraiteri,"Lugares que recorrimos en 5 dias : â€¢Cascada de los duendes â€¢Lago Gutierrez â€¢Hamburgueseria Weiss (HIPER RECOMENDAMOS) â€¢Villa Traful â€¢Villa la angostura (Bahia Brava) â€¢El Bolson (caminata del rio azul â€œEl paraisoâ€ de 45 min de duracion) â€¢Circuito chico, Colonia Suiza â€¢Refugio Patagonia 24.7 â€¢Centro de BRCâ¤ï¸",716,        ,bahia_brava
18-12-2022,brujula_viajera,El bus a Villa La Angostura desde San Carlos de Bariloche cuesta 930 pesos ida y 930 vuelta aprox 25 soles aprox o 7 dÃ³lares,6688,    ,bahia_brava
26-11-2023,leandrooahumada,VILLA DE MI VIDAAAğŸ¦ğŸ‡¦ğŸ‡¹ğŸºğŸ¥#VILLACUBAS #elmasgrandelejos,18800,#VILLACUBAS #elmasgrandelejos,bahia_brava
18-8-2023,oliverasele,Llegamos a chilecito y vinimos a comer a Samaychilecito ğŸ¤¤ me gusto y la atencion 10/10 â™¥ï¸ Â¿Conocian este restaurante? Ig: oliverasele,53300,  ,bahia_brava
30-8-2021,turismovla,"Disfutando de este paisaje perfecto, desde el muelle de BahÃ­a Manzano, despuÃ©s de la Ãºltima nevada. ğŸŒ¨ğŸ¤Te gustarÃ­a estar acÃ¡? ğŸ” #v",1834,,bahia_brava
30-1-2022,pasaje.en.mano,MÃ¡s info siempre en mi IG a pasaje.en.mano ğŸŒˆâ™¥ï¸ğŸ–,306400,,bahia_brava
8-12-2021,turismounido.arg,Â¿Que playa agregarÃ­as de nuestra Patagonia? ğŸ˜ğŸ‘‡@boletoalafelicidad ğŸ“¸#patagonia #,118500,patagonia     ,bahia_brava
1-10-2023,fercho23_99,"La Villa 31 unos de los Barrios mÃ¡s peligrosos de Buenos Aires, Argentina ğŸ‡¦ğŸ‡·. #argentinağŸ‡¦ğŸ‡·",11400,#argentinağŸ‡¦ğŸ‡·   ,bahia_brava
14-1-2021,pasaje.en.mano,Bosque Los Arrayanes ğŸ˜ğŸ˜ğŸ˜ğŸ’¦ğŸ’¦ğŸ’¦ #villalaangostura #argentina,78200,#villalaangostura #argentina,bahia_brava
2-12-2022,leaigounet,"Recorro una ciudad donde abunda el bÃ¡squet, la joda y hasta tienen un premio Nobel en Medicina: La ciudad de BahÃ­a Blanca ğŸ€ğŸƒğŸ½â€â™‚ï¸",717500,    ,bahia_brava
5-4-2024,soletoledo677,Se viene la 47Â° Fiesta nacional del surubi 2024 ğŸ£ğŸ£ğŸŸ #pescamundial #goyacorrientes,1653,#pescamundial #goyacorrientes,bahia_brava
27-2-2023,elmundodepam.ok,Villa la Angostura sin auto es posible ğŸ˜ #villalangostura #neuquen #visitargentina,14200,#villalangostura #neuquen #visitargentina,bahia_brava
26-10-2021,turismounido.arg,Â¿Cual mÃ¡s agregarÃ­as? ğŸ˜Seguimos en Instagram ğŸ‘‰ @turismounido.arg@boletoalafelicidad ğŸ“¸ #t,456000,    ,bahia_brava
